INSERT INTO [dbo].[STANY_CYWILNE] (ID,STAN_CYWILNY) VALUES (1,'kawaler/panna')
INSERT INTO [dbo].[STANY_CYWILNE] (ID,STAN_CYWILNY) VALUES (2,'żonaty/mężatka')
INSERT INTO [dbo].[STANY_CYWILNE] (ID,STAN_CYWILNY) VALUES (3,'rozwiedziony/rozwiedziona')
INSERT INTO [dbo].[STANY_CYWILNE] (ID,STAN_CYWILNY) VALUES (4,'wdowiec/wdowa')

INSERT INTO [dbo].[KATEGORIE_ZAROBKOWE] (ID,KATEGORIA_ZAROBKOWA) VALUES (1,'niska')
INSERT INTO [dbo].[KATEGORIE_ZAROBKOWE] (ID,KATEGORIA_ZAROBKOWA) VALUES (2,'średnia')
INSERT INTO [dbo].[KATEGORIE_ZAROBKOWE] (ID,KATEGORIA_ZAROBKOWA) VALUES (3,'wysoka')
INSERT INTO [dbo].[KATEGORIE_ZAROBKOWE] (ID,KATEGORIA_ZAROBKOWA) VALUES (4,'bardzo wysoka')

INSERT INTO [dbo].[OPERATORZY] (id_operatora,nazwa_firmy,telefon,email) VALUES (1,'Rolfson Group','635-131-0007','RolfsonGroup.Frami@hotmail.com')
INSERT INTO [dbo].[OPERATORZY] (id_operatora,nazwa_firmy,telefon,email) VALUES (2,'Beatty LLC','560-966-1643','BeattyLLC_Larson@hotmail.com')
INSERT INTO [dbo].[OPERATORZY] (id_operatora,nazwa_firmy,telefon,email) VALUES (3,'Hermiston and Sons','577-276-5203','HermistonandSons74@yahoo.com')
INSERT INTO [dbo].[OPERATORZY] (id_operatora,nazwa_firmy,telefon,email) VALUES (4,'Green, Quitzon and Kiehn','438-512-4561','GreenQuitzonandKiehn_Collins@yahoo.com')
INSERT INTO [dbo].[OPERATORZY] (id_operatora,nazwa_firmy,telefon,email) VALUES (5,'Dare Group','930-645-5883','DareGroup71@gmail.com')
INSERT INTO [dbo].[OPERATORZY] (id_operatora,nazwa_firmy,telefon,email) VALUES (6,'Sauer and Sons','950-182-3990','SauerandSons.Jaskolski@hotmail.com')
INSERT INTO [dbo].[OPERATORZY] (id_operatora,nazwa_firmy,telefon,email) VALUES (7,'Moore, Connelly and Smitham','737-345-4075','MooreConnellyandSmitham28@yahoo.com')
INSERT INTO [dbo].[OPERATORZY] (id_operatora,nazwa_firmy,telefon,email) VALUES (8,'Powlowski, Lueilwitz and Schiller','436-230-1956','PowlowskiLueilwitzandSchiller_Gutmann@yahoo.com')
INSERT INTO [dbo].[OPERATORZY] (id_operatora,nazwa_firmy,telefon,email) VALUES (9,'Erdman - Crooks','144-311-7155','Erdman-Crooks.Lehner14@hotmail.com')
INSERT INTO [dbo].[OPERATORZY] (id_operatora,nazwa_firmy,telefon,email) VALUES (10,'Hilll - Crooks','679-874-6422','Hilll-Crooks8@gmail.com')

INSERT INTO [dbo].[KRAJE] (id_kraju,nazwa_kraju) VALUES (1,'Liechtenstein')
INSERT INTO [dbo].[KRAJE] (id_kraju,nazwa_kraju) VALUES (2,'Polska')
INSERT INTO [dbo].[KRAJE] (id_kraju,nazwa_kraju) VALUES (3,'Angola')
INSERT INTO [dbo].[KRAJE] (id_kraju,nazwa_kraju) VALUES (4,'Kambodża')
INSERT INTO [dbo].[KRAJE] (id_kraju,nazwa_kraju) VALUES (5,'Hiszpania')
INSERT INTO [dbo].[KRAJE] (id_kraju,nazwa_kraju) VALUES (6,'2008')
INSERT INTO [dbo].[KRAJE] (id_kraju,nazwa_kraju) VALUES (7,'Samoa')
INSERT INTO [dbo].[KRAJE] (id_kraju,nazwa_kraju) VALUES (8,'Brazylia')
INSERT INTO [dbo].[KRAJE] (id_kraju,nazwa_kraju) VALUES (9,'Samoa')
INSERT INTO [dbo].[KRAJE] (id_kraju,nazwa_kraju) VALUES (10,'Kambodża')
INSERT INTO [dbo].[KRAJE] (id_kraju,nazwa_kraju) VALUES (11,'Filipiny')
INSERT INTO [dbo].[KRAJE] (id_kraju,nazwa_kraju) VALUES (12,'Madagaskar')
INSERT INTO [dbo].[KRAJE] (id_kraju,nazwa_kraju) VALUES (13,'Wybrzeże Kości Słoniowej')
INSERT INTO [dbo].[KRAJE] (id_kraju,nazwa_kraju) VALUES (14,'Haiti')
INSERT INTO [dbo].[KRAJE] (id_kraju,nazwa_kraju) VALUES (15,'Rwanda')
INSERT INTO [dbo].[KRAJE] (id_kraju,nazwa_kraju) VALUES (16,'Honduras')
INSERT INTO [dbo].[KRAJE] (id_kraju,nazwa_kraju) VALUES (17,'Panama')
INSERT INTO [dbo].[KRAJE] (id_kraju,nazwa_kraju) VALUES (18,'Chile')
INSERT INTO [dbo].[KRAJE] (id_kraju,nazwa_kraju) VALUES (19,'Timor Wschodni')
INSERT INTO [dbo].[KRAJE] (id_kraju,nazwa_kraju) VALUES (20,'Turcja')
INSERT INTO [dbo].[KRAJE] (id_kraju,nazwa_kraju) VALUES (21,'Gwatemala')
INSERT INTO [dbo].[KRAJE] (id_kraju,nazwa_kraju) VALUES (22,'Turkmenistan')
INSERT INTO [dbo].[KRAJE] (id_kraju,nazwa_kraju) VALUES (23,'322 575')
INSERT INTO [dbo].[KRAJE] (id_kraju,nazwa_kraju) VALUES (24,'Sucre')
INSERT INTO [dbo].[KRAJE] (id_kraju,nazwa_kraju) VALUES (25,'Saint Kitts i Nevis')

INSERT INTO [dbo].[KLIENCI] (id_klienta,imie,nazwisko,adres,PESEL,telefon,email,nr_dowodu,id_kategorii_zarobkowej,id_stanu_cywilnego) VALUES (1,'Teodor','Popławski','East Stellamouth 4672 Elżbieta Springs Suite 555','5090656736','Teodor.Prus18@hotmail.com','SD496980',1,1)
INSERT INTO [dbo].[KLIENCI] (id_klienta,imie,nazwisko,adres,PESEL,telefon,email,nr_dowodu,id_kategorii_zarobkowej,id_stanu_cywilnego) VALUES (2,'Eleazar','Brzozowski','Lake Fabianview 10601 Terencjusz Viaduct Apt. 673','3394290606','Eleazar.Banasiak27@hotmail.com','K6D65396',4,3)
INSERT INTO [dbo].[KLIENCI] (id_klienta,imie,nazwisko,adres,PESEL,telefon,email,nr_dowodu,id_kategorii_zarobkowej,id_stanu_cywilnego) VALUES (3,'Ansgary','Niemiec','Michalinachester 5005 Adamus Curve Suite 800','4732332616','Ansgary94@hotmail.com','NAD38618',4,3)
INSERT INTO [dbo].[KLIENCI] (id_klienta,imie,nazwisko,adres,PESEL,telefon,email,nr_dowodu,id_kategorii_zarobkowej,id_stanu_cywilnego) VALUES (4,'Elżbieta','Dobrzyński','Jakubinatown 9976 Bruno Field Suite 761','5256146451','Elbieta.Sroka0@gmail.com','ADY83319',2,1)
INSERT INTO [dbo].[KLIENCI] (id_klienta,imie,nazwisko,adres,PESEL,telefon,email,nr_dowodu,id_kategorii_zarobkowej,id_stanu_cywilnego) VALUES (5,'Julian','Szymczak','Jóźwiakburgh 182 Horacy Forge Apt. 680','5144286025','Julian.Frtczak1@gmail.com','DX598573',1,1)

INSERT INTO [dbo].[SIECI_HOTELI] (nazwa_sieci) VALUES ('Ullrich, Heaney and Kshlerin Hotels')
INSERT INTO [dbo].[SIECI_HOTELI] (nazwa_sieci) VALUES ('Franecki - Lynch Hotels')
INSERT INTO [dbo].[SIECI_HOTELI] (nazwa_sieci) VALUES ('Bernier, Leffler and Shanahan Hotels')
INSERT INTO [dbo].[SIECI_HOTELI] (nazwa_sieci) VALUES ('McLaughlin - Hills Hotels')
INSERT INTO [dbo].[SIECI_HOTELI] (nazwa_sieci) VALUES ('Koch, Jerde and Grant Hotels')

INSERT INTO [dbo].[HOTELE] (id_hotelu,adres,email,telefon,id_kraju,id_sieci_hotelu) VALUES (1,'Bruenhaven 4996 Destiney Ferry','Flavio50@gmail.com','826-113-1092','13','3')
INSERT INTO [dbo].[HOTELE] (id_hotelu,adres,email,telefon,id_kraju,id_sieci_hotelu) VALUES (2,'Port Nikkomouth 25763 Rosenbaum Valley','Reyna.Pollich77@gmail.com','628-300-8029','11','5')
INSERT INTO [dbo].[HOTELE] (id_hotelu,adres,email,telefon,id_kraju,id_sieci_hotelu) VALUES (3,'Alfredmouth 140 Veum Harbor','Sydnie_West59@gmail.com','012-292-9617','25','1')
INSERT INTO [dbo].[HOTELE] (id_hotelu,adres,email,telefon,id_kraju,id_sieci_hotelu) VALUES (4,'West Alisha 267 Kerluke Island','Lizzie.Nolan81@yahoo.com','235-724-6311','5','1')
INSERT INTO [dbo].[HOTELE] (id_hotelu,adres,email,telefon,id_kraju,id_sieci_hotelu) VALUES (5,'Faheyfort 81780 Schimmel Fall','Marley.Klocko48@gmail.com','108-843-7872','8','2')
INSERT INTO [dbo].[HOTELE] (id_hotelu,adres,email,telefon,id_kraju,id_sieci_hotelu) VALUES (6,'Bauchchester 4709 Sonny Hollow','April.Funk@hotmail.com','169-525-7750','10','5')
INSERT INTO [dbo].[HOTELE] (id_hotelu,adres,email,telefon,id_kraju,id_sieci_hotelu) VALUES (7,'Allyborough 46574 Matt Isle','Angeline27@hotmail.com','022-676-2898','8','4')
INSERT INTO [dbo].[HOTELE] (id_hotelu,adres,email,telefon,id_kraju,id_sieci_hotelu) VALUES (8,'Granvillefurt 47499 Deonte Ways','Garnet_Kreiger@yahoo.com','309-102-0704','4','1')
INSERT INTO [dbo].[HOTELE] (id_hotelu,adres,email,telefon,id_kraju,id_sieci_hotelu) VALUES (9,'Heidenreichton 237 Marion Summit','Sebastian_Abbott@hotmail.com','779-559-3497','3','1')
INSERT INTO [dbo].[HOTELE] (id_hotelu,adres,email,telefon,id_kraju,id_sieci_hotelu) VALUES (10,'North Llewellyn 41277 Kendall Run','Ima.Stroman94@gmail.com','587-991-3819','22','3')
INSERT INTO [dbo].[HOTELE] (id_hotelu,adres,email,telefon,id_kraju,id_sieci_hotelu) VALUES (11,'McClurebury 925 Donnelly Track','Billy.Watsica@gmail.com','743-746-2256','17','4')
INSERT INTO [dbo].[HOTELE] (id_hotelu,adres,email,telefon,id_kraju,id_sieci_hotelu) VALUES (12,'Averyport 1096 Kaylee Port','Clementina_Kuvalis@gmail.com','881-017-4021','25','2')
INSERT INTO [dbo].[HOTELE] (id_hotelu,adres,email,telefon,id_kraju,id_sieci_hotelu) VALUES (13,'Dexterport 527 Harvey Junction','Darien_Kub2@hotmail.com','241-908-2397','8','1')
INSERT INTO [dbo].[HOTELE] (id_hotelu,adres,email,telefon,id_kraju,id_sieci_hotelu) VALUES (14,'Port Jillian 3994 Benedict Mall','Richie.Kihn@yahoo.com','590-234-3651','23','1')
INSERT INTO [dbo].[HOTELE] (id_hotelu,adres,email,telefon,id_kraju,id_sieci_hotelu) VALUES (15,'Jerdefort 79088 Fatima Circle','Dena.Smith@hotmail.com','681-406-1961','21','5')
INSERT INTO [dbo].[HOTELE] (id_hotelu,adres,email,telefon,id_kraju,id_sieci_hotelu) VALUES (16,'South Anthony 8044 Reichel Passage','Russell.Little17@hotmail.com','325-571-5511','15','2')
INSERT INTO [dbo].[HOTELE] (id_hotelu,adres,email,telefon,id_kraju,id_sieci_hotelu) VALUES (17,'Lake Wilhelmine 75729 Aniya Manor','Vita4@hotmail.com','512-775-1461','10','5')
INSERT INTO [dbo].[HOTELE] (id_hotelu,adres,email,telefon,id_kraju,id_sieci_hotelu) VALUES (18,'New Joelview 199 Murray Burgs','Ted_Mosciski53@hotmail.com','989-536-5434','4','1')
INSERT INTO [dbo].[HOTELE] (id_hotelu,adres,email,telefon,id_kraju,id_sieci_hotelu) VALUES (19,'East Enidfurt 70455 Tad Locks','Tabitha_Ratke40@yahoo.com','102-000-6023','17','1')
INSERT INTO [dbo].[HOTELE] (id_hotelu,adres,email,telefon,id_kraju,id_sieci_hotelu) VALUES (20,'New Maci 745 DAmore Roads','Dock_Bailey@gmail.com','050-772-8115','20','1')
INSERT INTO [dbo].[HOTELE] (id_hotelu,adres,email,telefon,id_kraju,id_sieci_hotelu) VALUES (21,'West Hellen 55707 Carroll Lock','River60@hotmail.com','246-282-2528','10','1')
INSERT INTO [dbo].[HOTELE] (id_hotelu,adres,email,telefon,id_kraju,id_sieci_hotelu) VALUES (22,'West Patrickbury 345 Goodwin Port','Yolanda_Bartoletti99@hotmail.com','640-769-0941','19','2')
INSERT INTO [dbo].[HOTELE] (id_hotelu,adres,email,telefon,id_kraju,id_sieci_hotelu) VALUES (23,'Swaniawskiton 080 Christiansen River','Stuart.Gottlieb@yahoo.com','012-453-2199','9','5')
INSERT INTO [dbo].[HOTELE] (id_hotelu,adres,email,telefon,id_kraju,id_sieci_hotelu) VALUES (24,'Harberburgh 005 Rodriguez Loop','Griffin_Marquardt55@yahoo.com','375-184-4023','13','3')
INSERT INTO [dbo].[HOTELE] (id_hotelu,adres,email,telefon,id_kraju,id_sieci_hotelu) VALUES (25,'West Reilly 87285 Ignacio Locks','Adah.Hayes77@yahoo.com','892-830-4017','17','4')
INSERT INTO [dbo].[HOTELE] (id_hotelu,adres,email,telefon,id_kraju,id_sieci_hotelu) VALUES (26,'Kutchport 24841 Moriah Plains','Felipe51@gmail.com','846-569-5638','24','5')
INSERT INTO [dbo].[HOTELE] (id_hotelu,adres,email,telefon,id_kraju,id_sieci_hotelu) VALUES (27,'Andersonville 3722 Brekke Squares','Rose_OHara39@gmail.com','805-577-7359','6','2')
INSERT INTO [dbo].[HOTELE] (id_hotelu,adres,email,telefon,id_kraju,id_sieci_hotelu) VALUES (28,'Lindgrenborough 930 MacGyver Avenue','Marina_Eichmann64@yahoo.com','599-735-9995','5','4')
INSERT INTO [dbo].[HOTELE] (id_hotelu,adres,email,telefon,id_kraju,id_sieci_hotelu) VALUES (29,'Leliaberg 3777 Kuhlman Parks','Jerrod_Gerlach@hotmail.com','139-983-2599','24','1')
INSERT INTO [dbo].[HOTELE] (id_hotelu,adres,email,telefon,id_kraju,id_sieci_hotelu) VALUES (30,'West Alaina 41538 Concepcion Mall','Dustin_Swaniawski87@hotmail.com','916-364-3324','13','2')

INSERT INTO [dbo].[UMOWY] (id_umowy,data,id_klienta) VALUES (1,'Fri Feb 15 2019 05:36:18 GMT+0100 (Środkowoeuropejski czas stand.)',2)
INSERT INTO [dbo].[WYCIECZKI] (id_wycieczki,cena,data_rozpoczecia,data_zakonczenia,id_operatora,id_umowy,id_hotelu) VALUES (1, 6223.00,'2018-05-08','2018-05-17',8,1,23)
INSERT INTO [dbo].[PLATNOSCI] (id_platnosci,kwota,data_czas_platnosci,typ,id_umowy ) VALUES (1,6223.00,'Fri Feb 15 2019 05:36:18 GMT+0100 (Środkowoeuropejski czas stand.)','gotówka',1)
INSERT INTO [dbo].[UMOWY] (id_umowy,data,id_klienta) VALUES (2,'Sun Jul 08 2018 01:07:24 GMT+0200 (Środkowoeuropejski czas letni)',3)
INSERT INTO [dbo].[WYCIECZKI] (id_wycieczki,cena,data_rozpoczecia,data_zakonczenia,id_operatora,id_umowy,id_hotelu) VALUES (2, 4921.00,'2017-08-11','2017-08-17',5,2,27)
INSERT INTO [dbo].[PLATNOSCI] (id_platnosci,kwota,data_czas_platnosci,typ,id_umowy ) VALUES (2,4921.00,'Sat Jul 14 2018 01:07:24 GMT+0200 (Środkowoeuropejski czas letni)','karta',2)
INSERT INTO [dbo].[UMOWY] (id_umowy,data,id_klienta) VALUES (3,'Tue Oct 31 2017 22:59:14 GMT+0100 (Środkowoeuropejski czas stand.)',3)
INSERT INTO [dbo].[WYCIECZKI] (id_wycieczki,cena,data_rozpoczecia,data_zakonczenia,id_operatora,id_umowy,id_hotelu) VALUES (3, 4717.00,'2017-05-23','2017-05-27',6,3,30)
INSERT INTO [dbo].[PLATNOSCI] (id_platnosci,kwota,data_czas_platnosci,typ,id_umowy ) VALUES (3,4717.00,'Thu Nov 02 2017 22:59:14 GMT+0100 (Środkowoeuropejski czas stand.)','przelew',3)
INSERT INTO [dbo].[UMOWY] (id_umowy,data,id_klienta) VALUES (4,'Sat Feb 03 2018 00:00:34 GMT+0100 (Środkowoeuropejski czas stand.)',1)
INSERT INTO [dbo].[WYCIECZKI] (id_wycieczki,cena,data_rozpoczecia,data_zakonczenia,id_operatora,id_umowy,id_hotelu) VALUES (4, 1332.00,'2017-10-19','2017-11-01',8,4,11)
INSERT INTO [dbo].[PLATNOSCI] (id_platnosci,kwota,data_czas_platnosci,typ,id_umowy ) VALUES (4,1332.00,'Sun Feb 04 2018 00:00:34 GMT+0100 (Środkowoeuropejski czas stand.)','karta',4)
INSERT INTO [dbo].[UMOWY] (id_umowy,data,id_klienta) VALUES (5,'Tue May 15 2018 07:37:53 GMT+0200 (Środkowoeuropejski czas letni)',3)
INSERT INTO [dbo].[WYCIECZKI] (id_wycieczki,cena,data_rozpoczecia,data_zakonczenia,id_operatora,id_umowy,id_hotelu) VALUES (5, 8885.00,'2017-12-07','2017-12-13',3,5,26)
INSERT INTO [dbo].[PLATNOSCI] (id_platnosci,kwota,data_czas_platnosci,typ,id_umowy ) VALUES (5,8885.00,'Thu May 17 2018 07:37:53 GMT+0200 (Środkowoeuropejski czas letni)','przelew',5)
INSERT INTO [dbo].[UMOWY] (id_umowy,data,id_klienta) VALUES (6,'Fri Feb 15 2019 22:50:44 GMT+0100 (Środkowoeuropejski czas stand.)',4)
INSERT INTO [dbo].[WYCIECZKI] (id_wycieczki,cena,data_rozpoczecia,data_zakonczenia,id_operatora,id_umowy,id_hotelu) VALUES (6, 5680.00,'2018-06-01','2018-06-09',3,6,30)
INSERT INTO [dbo].[PLATNOSCI] (id_platnosci,kwota,data_czas_platnosci,typ,id_umowy ) VALUES (6,5680.00,'Fri Feb 15 2019 22:50:44 GMT+0100 (Środkowoeuropejski czas stand.)','przelew',6)
INSERT INTO [dbo].[UMOWY] (id_umowy,data,id_klienta) VALUES (7,'Thu Nov 22 2018 06:15:16 GMT+0100 (Środkowoeuropejski czas stand.)',4)
INSERT INTO [dbo].[WYCIECZKI] (id_wycieczki,cena,data_rozpoczecia,data_zakonczenia,id_operatora,id_umowy,id_hotelu) VALUES (7, 4662.00,'2017-08-20','2017-09-03',5,7,28)
INSERT INTO [dbo].[PLATNOSCI] (id_platnosci,kwota,data_czas_platnosci,typ,id_umowy ) VALUES (7,4662.00,'Thu Nov 22 2018 06:15:16 GMT+0100 (Środkowoeuropejski czas stand.)','gotówka',7)
INSERT INTO [dbo].[UMOWY] (id_umowy,data,id_klienta) VALUES (8,'Wed Aug 30 2017 00:57:46 GMT+0200 (Środkowoeuropejski czas letni)',4)
INSERT INTO [dbo].[WYCIECZKI] (id_wycieczki,cena,data_rozpoczecia,data_zakonczenia,id_operatora,id_umowy,id_hotelu) VALUES (8, 6682.00,'2018-07-10','2018-07-20',1,8,7)
INSERT INTO [dbo].[PLATNOSCI] (id_platnosci,kwota,data_czas_platnosci,typ,id_umowy ) VALUES (8,6682.00,'Tue Sep 05 2017 00:57:46 GMT+0200 (Środkowoeuropejski czas letni)','karta',8)
INSERT INTO [dbo].[UMOWY] (id_umowy,data,id_klienta) VALUES (9,'Tue Sep 11 2018 09:30:48 GMT+0200 (Środkowoeuropejski czas letni)',4)
INSERT INTO [dbo].[WYCIECZKI] (id_wycieczki,cena,data_rozpoczecia,data_zakonczenia,id_operatora,id_umowy,id_hotelu) VALUES (9, 8123.00,'2017-07-09','2017-07-14',6,9,19)
INSERT INTO [dbo].[PLATNOSCI] (id_platnosci,kwota,data_czas_platnosci,typ,id_umowy ) VALUES (9,8123.00,'Fri Sep 14 2018 09:30:48 GMT+0200 (Środkowoeuropejski czas letni)','gotówka',9)
INSERT INTO [dbo].[UMOWY] (id_umowy,data,id_klienta) VALUES (10,'Wed Oct 17 2018 19:39:38 GMT+0200 (Środkowoeuropejski czas letni)',1)
INSERT INTO [dbo].[WYCIECZKI] (id_wycieczki,cena,data_rozpoczecia,data_zakonczenia,id_operatora,id_umowy,id_hotelu) VALUES (10, 5762.00,'2017-07-03','2017-07-13',3,10,28)
INSERT INTO [dbo].[PLATNOSCI] (id_platnosci,kwota,data_czas_platnosci,typ,id_umowy ) VALUES (10,5762.00,'Tue Oct 23 2018 19:39:38 GMT+0200 (Środkowoeuropejski czas letni)','gotówka',10)
INSERT INTO [dbo].[UMOWY] (id_umowy,data,id_klienta) VALUES (11,'Tue Nov 14 2017 15:18:16 GMT+0100 (Środkowoeuropejski czas stand.)',2)
INSERT INTO [dbo].[WYCIECZKI] (id_wycieczki,cena,data_rozpoczecia,data_zakonczenia,id_operatora,id_umowy,id_hotelu) VALUES (11, 2113.00,'2017-05-08','2017-05-19',2,11,18)
INSERT INTO [dbo].[PLATNOSCI] (id_platnosci,kwota,data_czas_platnosci,typ,id_umowy ) VALUES (11,2113.00,'Sat Nov 18 2017 15:18:16 GMT+0100 (Środkowoeuropejski czas stand.)','karta',11)
INSERT INTO [dbo].[UMOWY] (id_umowy,data,id_klienta) VALUES (12,'Sun Dec 10 2017 05:31:52 GMT+0100 (Środkowoeuropejski czas stand.)',3)
INSERT INTO [dbo].[WYCIECZKI] (id_wycieczki,cena,data_rozpoczecia,data_zakonczenia,id_operatora,id_umowy,id_hotelu) VALUES (12, 6451.00,'2017-10-23','2017-10-27',4,12,20)
INSERT INTO [dbo].[PLATNOSCI] (id_platnosci,kwota,data_czas_platnosci,typ,id_umowy ) VALUES (12,6451.00,'Tue Dec 12 2017 05:31:52 GMT+0100 (Środkowoeuropejski czas stand.)','gotówka',12)
INSERT INTO [dbo].[UMOWY] (id_umowy,data,id_klienta) VALUES (13,'Tue Apr 03 2018 05:17:19 GMT+0200 (Środkowoeuropejski czas letni)',1)
INSERT INTO [dbo].[WYCIECZKI] (id_wycieczki,cena,data_rozpoczecia,data_zakonczenia,id_operatora,id_umowy,id_hotelu) VALUES (13, 2976.00,'2018-05-31','2018-06-09',6,13,25)
INSERT INTO [dbo].[PLATNOSCI] (id_platnosci,kwota,data_czas_platnosci,typ,id_umowy ) VALUES (13,2976.00,'Wed Apr 04 2018 05:17:19 GMT+0200 (Środkowoeuropejski czas letni)','karta',13)
INSERT INTO [dbo].[UMOWY] (id_umowy,data,id_klienta) VALUES (14,'Sun Aug 06 2017 16:42:49 GMT+0200 (Środkowoeuropejski czas letni)',4)
INSERT INTO [dbo].[WYCIECZKI] (id_wycieczki,cena,data_rozpoczecia,data_zakonczenia,id_operatora,id_umowy,id_hotelu) VALUES (14, 1350.00,'2018-07-18','2018-08-01',3,14,17)
INSERT INTO [dbo].[PLATNOSCI] (id_platnosci,kwota,data_czas_platnosci,typ,id_umowy ) VALUES (14,1350.00,'Tue Aug 08 2017 16:42:49 GMT+0200 (Środkowoeuropejski czas letni)','karta',14)
INSERT INTO [dbo].[UMOWY] (id_umowy,data,id_klienta) VALUES (15,'Wed Aug 22 2018 07:56:19 GMT+0200 (Środkowoeuropejski czas letni)',1)
INSERT INTO [dbo].[WYCIECZKI] (id_wycieczki,cena,data_rozpoczecia,data_zakonczenia,id_operatora,id_umowy,id_hotelu) VALUES (15, 5238.00,'2019-02-22','2019-03-07',3,15,26)
INSERT INTO [dbo].[PLATNOSCI] (id_platnosci,kwota,data_czas_platnosci,typ,id_umowy ) VALUES (15,5238.00,'Tue Aug 28 2018 07:56:19 GMT+0200 (Środkowoeuropejski czas letni)','przelew',15)
INSERT INTO [dbo].[UMOWY] (id_umowy,data,id_klienta) VALUES (16,'Sun Dec 10 2017 19:54:41 GMT+0100 (Środkowoeuropejski czas stand.)',4)
INSERT INTO [dbo].[WYCIECZKI] (id_wycieczki,cena,data_rozpoczecia,data_zakonczenia,id_operatora,id_umowy,id_hotelu) VALUES (16, 9499.00,'2017-09-11','2017-09-15',6,16,4)
INSERT INTO [dbo].[PLATNOSCI] (id_platnosci,kwota,data_czas_platnosci,typ,id_umowy ) VALUES (16,9499.00,'Wed Dec 13 2017 19:54:41 GMT+0100 (Środkowoeuropejski czas stand.)','przelew',16)
INSERT INTO [dbo].[UMOWY] (id_umowy,data,id_klienta) VALUES (17,'Tue Jun 19 2018 17:30:40 GMT+0200 (Środkowoeuropejski czas letni)',5)
INSERT INTO [dbo].[WYCIECZKI] (id_wycieczki,cena,data_rozpoczecia,data_zakonczenia,id_operatora,id_umowy,id_hotelu) VALUES (17, 5922.00,'2019-05-16','2019-05-25',8,17,20)
INSERT INTO [dbo].[PLATNOSCI] (id_platnosci,kwota,data_czas_platnosci,typ,id_umowy ) VALUES (17,5922.00,'Tue Jun 26 2018 17:30:40 GMT+0200 (Środkowoeuropejski czas letni)','gotówka',17)
INSERT INTO [dbo].[UMOWY] (id_umowy,data,id_klienta) VALUES (18,'Sat Apr 20 2019 07:37:28 GMT+0200 (Środkowoeuropejski czas letni)',4)
INSERT INTO [dbo].[WYCIECZKI] (id_wycieczki,cena,data_rozpoczecia,data_zakonczenia,id_operatora,id_umowy,id_hotelu) VALUES (18, 6558.00,'2017-08-18','2017-08-27',9,18,7)
INSERT INTO [dbo].[PLATNOSCI] (id_platnosci,kwota,data_czas_platnosci,typ,id_umowy ) VALUES (18,6558.00,'Sat Apr 20 2019 07:37:28 GMT+0200 (Środkowoeuropejski czas letni)','karta',18)
INSERT INTO [dbo].[UMOWY] (id_umowy,data,id_klienta) VALUES (19,'Mon Feb 11 2019 02:07:53 GMT+0100 (Środkowoeuropejski czas stand.)',5)
INSERT INTO [dbo].[WYCIECZKI] (id_wycieczki,cena,data_rozpoczecia,data_zakonczenia,id_operatora,id_umowy,id_hotelu) VALUES (19, 8777.00,'2019-01-14','2019-01-19',5,19,20)
INSERT INTO [dbo].[PLATNOSCI] (id_platnosci,kwota,data_czas_platnosci,typ,id_umowy ) VALUES (19,8777.00,'Sat Feb 16 2019 02:07:53 GMT+0100 (Środkowoeuropejski czas stand.)','karta',19)
INSERT INTO [dbo].[UMOWY] (id_umowy,data,id_klienta) VALUES (20,'Sat Dec 02 2017 19:52:39 GMT+0100 (Środkowoeuropejski czas stand.)',5)
INSERT INTO [dbo].[WYCIECZKI] (id_wycieczki,cena,data_rozpoczecia,data_zakonczenia,id_operatora,id_umowy,id_hotelu) VALUES (20, 1824.00,'2018-05-23','2018-06-03',8,20,29)
INSERT INTO [dbo].[PLATNOSCI] (id_platnosci,kwota,data_czas_platnosci,typ,id_umowy ) VALUES (20,1824.00,'Sat Dec 02 2017 19:52:39 GMT+0100 (Środkowoeuropejski czas stand.)','karta',20)
